{
  "name": "graphql",
  "handler": "resource/graphql/handler.handler",
  "runtime": "nodejs",
  "timeout": 6,
  "memorySize": 1024,
  "custom": {
    "excludePatterns": [],
    "envVars": []
  },
  "endpoints": [
    {
      "path": "resource/graphql",
      "method": "POST",
      "authorizationType": "none",
      "apiKeyRequired": false,
      "requestParameters": {},
      "requestTemplates": {
        "application/json": "{\"query\" : $input.json(\"$\")}"
      },
      "responses": {
        "400": {
          "statusCode": "400"
        },
        "default": {
          "statusCode": "200",
          "responseParameters": {},
          "responseModels": {},
          "responseTemplates": {},
          "application/json": ""
        }
      }
    }
  ]
}
